{
  "grid_shape": [
    15,
    10,
    4
  ],
  "iterations": 1,
  "converged": true,
  "max_delta_k": 1.8762769116165146e-14,
  "min_temperature_k": 321.36204684845217,
  "max_temperature_k": 351.8979104831257,
  "mean_temperature_k": 328.00239592539566,
  "component_reports": [
    {
      "name": "Buck regulator",
      "board_average_temperature_k": 345.9413381935262,
      "board_max_temperature_k": 351.8979104831257,
      "estimated_junction_temperature_k": 391.49791048312574,
      "equivalent_thermal_conductivity_w_mk": 0.8522727272727272,
      "occupied_cell_count": 9,
      "junction_rise_k": 39.6,
      "component_model": "surface_heat_flux_plus_junction_rise"
    },
    {
      "name": "Power resistor",
      "board_average_temperature_k": 337.0006454812287,
      "board_max_temperature_k": 338.42258774542563,
      "estimated_junction_temperature_k": 379.67258774542563,
      "equivalent_thermal_conductivity_w_mk": 0.9090909090909092,
      "occupied_cell_count": 4,
      "junction_rise_k": 41.25,
      "component_model": "surface_heat_flux_plus_junction_rise"
    }
  ],
  "diagnostics": {
    "cell_count": 600,
    "grid_shape": [
      15,
      10,
      4
    ],
    "matrix_nonzeros": 3700,
    "total_power_w": 2.5500000000000003,
    "boundary_loss_w": 2.5499999999995877,
    "energy_balance_error_w": 4.1255887595070817e-13,
    "exact_radiation_boundary_loss_w": 2.6562682962883084,
    "exact_radiation_balance_error_w": -0.10626829628830814,
    "radiation_outer_iterations_used": 1,
    "min_dx_mm": 3.9999999999999964,
    "max_dx_mm": 4.0000000000000036,
    "min_dy_mm": 3.9999999999999964,
    "max_dy_mm": 4.0000000000000036,
    "min_dz_mm": 0.035,
    "max_dz_mm": 0.765
  }
}